Tumor_Sample_Barcode	signature	weights	short_histology	experimental_strategy	num_mutations	genome_size	mut_per_mb
BS_DD2N8CEX	Signature.1	0.1996099240981051	HGAT	WXS	17.366063396535143	149089890	0.11648048970010738
BS_XNYH7VK6	Signature.1	0.47840412672274424	HGAT	WXS	54.0596663196701	149089890	0.3625978013644661
BS_X0KN4VVW	Signature.1	0.18136044012267377	HGAT	WXS	0.9068022006133689	149089890	0.00608225145657676
BS_JWDK21ED	Signature.1	0	HGAT	WXS	0	149089890	0
BS_BT83BCEE	Signature.1	0.20073117495574794	HGAT	WXS	21.47823572026503	149089890	0.1440623218667948
BS_2DNGDW0A	Signature.1	0.9183912785589226	HGAT	WXS	104.69660575571717	149089890	0.702238131342891
BS_4SCDT7M9	Signature.1	0.3498071788126684	HGAT	WXS	16.091130225382745	149089890	0.1079290502218678
BS_7PAAZQE6	Signature.1	0.8793410348279829	HGAT	WXS	71.22662382106661	149089890	0.47774281556627757
BS_QF7M4SHH	Signature.1	0.39541064603842674	HGAT	WGS	12.653140673229656	3088286401	0.00409713965295852
BS_91HP99HY	Signature.1	0.27343493144111786	HGAT	WXS	12.85144177773254	149089890	0.08619928405428792
BS_JC7E55BV	Signature.1	0.5176343103629066	HGAT	WGS	43.998916380847064	3088286401	0.014247032388770689
BS_KHJMCFQR	Signature.1	0.47181971315050775	HGAT	WXS	19.344608239170817	149089890	0.1297513080140499
BS_DD2N8CEX	Signature.2	0	HGAT	WXS	0	149089890	0
BS_XNYH7VK6	Signature.2	0	HGAT	WXS	0	149089890	0
BS_X0KN4VVW	Signature.2	0	HGAT	WXS	0	149089890	0
BS_JWDK21ED	Signature.2	0	HGAT	WXS	0	149089890	0
BS_BT83BCEE	Signature.2	0	HGAT	WXS	0	149089890	0
BS_2DNGDW0A	Signature.2	0	HGAT	WXS	0	149089890	0
BS_4SCDT7M9	Signature.2	0	HGAT	WXS	0	149089890	0
BS_7PAAZQE6	Signature.2	0	HGAT	WXS	0	149089890	0
BS_QF7M4SHH	Signature.2	0	HGAT	WGS	0	3088286401	0
BS_91HP99HY	Signature.2	0	HGAT	WXS	0	149089890	0
BS_JC7E55BV	Signature.2	0	HGAT	WGS	0	3088286401	0
BS_KHJMCFQR	Signature.2	0	HGAT	WXS	0	149089890	0
BS_DD2N8CEX	Signature.3	0	HGAT	WXS	0	149089890	0
BS_XNYH7VK6	Signature.3	0.08860577553907575	HGAT	WXS	10.01245263591556	149089890	0.06715715355290396
BS_X0KN4VVW	Signature.3	0.2578681038131946	HGAT	WXS	1.289340519065973	149089890	0.00864807478941713
BS_JWDK21ED	Signature.3	0.2915696422529812	HGAT	WXS	34.1136481435988	149089890	0.22881261863965963
BS_BT83BCEE	Signature.3	0	HGAT	WXS	0	149089890	0
BS_2DNGDW0A	Signature.3	0	HGAT	WXS	0	149089890	0
BS_4SCDT7M9	Signature.3	0.2809819779997245	HGAT	WXS	12.925170987987327	149089890	0.08669381262530496
BS_7PAAZQE6	Signature.3	0	HGAT	WXS	0	149089890	0
BS_QF7M4SHH	Signature.3	0.27484831954167516	HGAT	WGS	8.795146225333605	3088286401	0.0028479049813792206
BS_91HP99HY	Signature.3	0	HGAT	WXS	0	149089890	0
BS_JC7E55BV	Signature.3	0	HGAT	WGS	0	3088286401	0
BS_KHJMCFQR	Signature.3	0	HGAT	WXS	0	149089890	0
BS_DD2N8CEX	Signature.4	0	HGAT	WXS	0	149089890	0
BS_XNYH7VK6	Signature.4	0	HGAT	WXS	0	149089890	0
BS_X0KN4VVW	Signature.4	0	HGAT	WXS	0	149089890	0
BS_JWDK21ED	Signature.4	0.09666010954536067	HGAT	WXS	11.309232816807198	149089890	0.07585512885419124
BS_BT83BCEE	Signature.4	0	HGAT	WXS	0	149089890	0
BS_2DNGDW0A	Signature.4	0	HGAT	WXS	0	149089890	0
BS_4SCDT7M9	Signature.4	0	HGAT	WXS	0	149089890	0
BS_7PAAZQE6	Signature.4	0	HGAT	WXS	0	149089890	0
BS_QF7M4SHH	Signature.4	0	HGAT	WGS	0	3088286401	0
BS_91HP99HY	Signature.4	0.10438017341226603	HGAT	WXS	4.905868150376503	149089890	0.03290543812445299
BS_JC7E55BV	Signature.4	0	HGAT	WGS	0	3088286401	0
BS_KHJMCFQR	Signature.4	0	HGAT	WXS	0	149089890	0
BS_DD2N8CEX	Signature.5	0.23063443332306707	HGAT	WXS	20.065195699106834	149089890	0.13458454962376615
BS_XNYH7VK6	Signature.5	0	HGAT	WXS	0	149089890	0
BS_X0KN4VVW	Signature.5	0	HGAT	WXS	0	149089890	0
BS_JWDK21ED	Signature.5	0	HGAT	WXS	0	149089890	0
BS_BT83BCEE	Signature.5	0.32079500031968	HGAT	WXS	34.32506503420576	149089890	0.23023066845247359
BS_2DNGDW0A	Signature.5	0	HGAT	WXS	0	149089890	0
BS_4SCDT7M9	Signature.5	0	HGAT	WXS	0	149089890	0
BS_7PAAZQE6	Signature.5	0	HGAT	WXS	0	149089890	0
BS_QF7M4SHH	Signature.5	0	HGAT	WGS	0	3088286401	0
BS_91HP99HY	Signature.5	0	HGAT	WXS	0	149089890	0
BS_JC7E55BV	Signature.5	0	HGAT	WGS	0	3088286401	0
BS_KHJMCFQR	Signature.5	0	HGAT	WXS	0	149089890	0
BS_DD2N8CEX	Signature.6	0.23265023086102374	HGAT	WXS	20.240570084909066	149089890	0.13576084927629276
BS_XNYH7VK6	Signature.6	0	HGAT	WXS	0	149089890	0
BS_X0KN4VVW	Signature.6	0	HGAT	WXS	0	149089890	0
BS_JWDK21ED	Signature.6	0.2314763548065787	HGAT	WXS	27.082733512369707	149089890	0.18165372254530276
BS_BT83BCEE	Signature.6	0	HGAT	WXS	0	149089890	0
BS_2DNGDW0A	Signature.6	0.07572951242686776	HGAT	WXS	8.633164416662925	149089890	0.05790576689447504
BS_4SCDT7M9	Signature.6	0.2008277993639271	HGAT	WXS	9.238078770740648	149089890	0.061963147003064045
BS_7PAAZQE6	Signature.6	0	HGAT	WXS	0	149089890	0
BS_QF7M4SHH	Signature.6	0	HGAT	WGS	0	3088286401	0
BS_91HP99HY	Signature.6	0.12418179824863228	HGAT	WXS	5.836544517685717	149089890	0.039147822281482114
BS_JC7E55BV	Signature.6	0	HGAT	WGS	0	3088286401	0
BS_KHJMCFQR	Signature.6	0.13787738508446332	HGAT	WXS	5.652972788462996	149089890	0.03791654007165071
BS_DD2N8CEX	Signature.7	0	HGAT	WXS	0	149089890	0
BS_XNYH7VK6	Signature.7	0	HGAT	WXS	0	149089890	0
BS_X0KN4VVW	Signature.7	0	HGAT	WXS	0	149089890	0
BS_JWDK21ED	Signature.7	0	HGAT	WXS	0	149089890	0
BS_BT83BCEE	Signature.7	0	HGAT	WXS	0	149089890	0
BS_2DNGDW0A	Signature.7	0	HGAT	WXS	0	149089890	0
BS_4SCDT7M9	Signature.7	0.06722220946314768	HGAT	WXS	3.092221635304793	149089890	0.02074065273845727
BS_7PAAZQE6	Signature.7	0	HGAT	WXS	0	149089890	0
BS_QF7M4SHH	Signature.7	0	HGAT	WGS	0	3088286401	0
BS_91HP99HY	Signature.7	0	HGAT	WXS	0	149089890	0
BS_JC7E55BV	Signature.7	0	HGAT	WGS	0	3088286401	0
BS_KHJMCFQR	Signature.7	0	HGAT	WXS	0	149089890	0
BS_DD2N8CEX	Signature.8	0	HGAT	WXS	0	149089890	0
BS_XNYH7VK6	Signature.8	0	HGAT	WXS	0	149089890	0
BS_X0KN4VVW	Signature.8	0	HGAT	WXS	0	149089890	0
BS_JWDK21ED	Signature.8	0	HGAT	WXS	0	149089890	0
BS_BT83BCEE	Signature.8	0	HGAT	WXS	0	149089890	0
BS_2DNGDW0A	Signature.8	0	HGAT	WXS	0	149089890	0
BS_4SCDT7M9	Signature.8	0	HGAT	WXS	0	149089890	0
BS_7PAAZQE6	Signature.8	0	HGAT	WXS	0	149089890	0
BS_QF7M4SHH	Signature.8	0	HGAT	WGS	0	3088286401	0
BS_91HP99HY	Signature.8	0	HGAT	WXS	0	149089890	0
BS_JC7E55BV	Signature.8	0	HGAT	WGS	0	3088286401	0
BS_KHJMCFQR	Signature.8	0	HGAT	WXS	0	149089890	0
BS_DD2N8CEX	Signature.9	0.06844830581923096	HGAT	WXS	5.955002606273093	149089890	0.03994236367250049
BS_XNYH7VK6	Signature.9	0	HGAT	WXS	0	149089890	0
BS_X0KN4VVW	Signature.9	0	HGAT	WXS	0	149089890	0
BS_JWDK21ED	Signature.9	0	HGAT	WXS	0	149089890	0
BS_BT83BCEE	Signature.9	0	HGAT	WXS	0	149089890	0
BS_2DNGDW0A	Signature.9	0	HGAT	WXS	0	149089890	0
BS_4SCDT7M9	Signature.9	0	HGAT	WXS	0	149089890	0
BS_7PAAZQE6	Signature.9	0	HGAT	WXS	0	149089890	0
BS_QF7M4SHH	Signature.9	0	HGAT	WGS	0	3088286401	0
BS_91HP99HY	Signature.9	0	HGAT	WXS	0	149089890	0
BS_JC7E55BV	Signature.9	0	HGAT	WGS	0	3088286401	0
BS_KHJMCFQR	Signature.9	0	HGAT	WXS	0	149089890	0
BS_DD2N8CEX	Signature.10	0	HGAT	WXS	0	149089890	0
BS_XNYH7VK6	Signature.10	0	HGAT	WXS	0	149089890	0
BS_X0KN4VVW	Signature.10	0	HGAT	WXS	0	149089890	0
BS_JWDK21ED	Signature.10	0	HGAT	WXS	0	149089890	0
BS_BT83BCEE	Signature.10	0	HGAT	WXS	0	149089890	0
BS_2DNGDW0A	Signature.10	0	HGAT	WXS	0	149089890	0
BS_4SCDT7M9	Signature.10	0	HGAT	WXS	0	149089890	0
BS_7PAAZQE6	Signature.10	0	HGAT	WXS	0	149089890	0
BS_QF7M4SHH	Signature.10	0	HGAT	WGS	0	3088286401	0
BS_91HP99HY	Signature.10	0	HGAT	WXS	0	149089890	0
BS_JC7E55BV	Signature.10	0	HGAT	WGS	0	3088286401	0
BS_KHJMCFQR	Signature.10	0	HGAT	WXS	0	149089890	0
BS_DD2N8CEX	Signature.11	0	HGAT	WXS	0	149089890	0
BS_XNYH7VK6	Signature.11	0	HGAT	WXS	0	149089890	0
BS_X0KN4VVW	Signature.11	0	HGAT	WXS	0	149089890	0
BS_JWDK21ED	Signature.11	0	HGAT	WXS	0	149089890	0
BS_BT83BCEE	Signature.11	0	HGAT	WXS	0	149089890	0
BS_2DNGDW0A	Signature.11	0	HGAT	WXS	0	149089890	0
BS_4SCDT7M9	Signature.11	0	HGAT	WXS	0	149089890	0
BS_7PAAZQE6	Signature.11	0.08883737658617825	HGAT	WXS	7.195827503480438	149089890	0.04826502657880047
BS_QF7M4SHH	Signature.11	0	HGAT	WGS	0	3088286401	0
BS_91HP99HY	Signature.11	0	HGAT	WXS	0	149089890	0
BS_JC7E55BV	Signature.11	0	HGAT	WGS	0	3088286401	0
BS_KHJMCFQR	Signature.11	0	HGAT	WXS	0	149089890	0
BS_DD2N8CEX	Signature.12	0	HGAT	WXS	0	149089890	0
BS_XNYH7VK6	Signature.12	0	HGAT	WXS	0	149089890	0
BS_X0KN4VVW	Signature.12	0	HGAT	WXS	0	149089890	0
BS_JWDK21ED	Signature.12	0	HGAT	WXS	0	149089890	0
BS_BT83BCEE	Signature.12	0	HGAT	WXS	0	149089890	0
BS_2DNGDW0A	Signature.12	0	HGAT	WXS	0	149089890	0
BS_4SCDT7M9	Signature.12	0	HGAT	WXS	0	149089890	0
BS_7PAAZQE6	Signature.12	0	HGAT	WXS	0	149089890	0
BS_QF7M4SHH	Signature.12	0	HGAT	WGS	0	3088286401	0
BS_91HP99HY	Signature.12	0.13458578766875828	HGAT	WXS	6.325532020431639	149089890	0.04242763892596366
BS_JC7E55BV	Signature.12	0	HGAT	WGS	0	3088286401	0
BS_KHJMCFQR	Signature.12	0	HGAT	WXS	0	149089890	0
BS_DD2N8CEX	Signature.13	0	HGAT	WXS	0	149089890	0
BS_XNYH7VK6	Signature.13	0	HGAT	WXS	0	149089890	0
BS_X0KN4VVW	Signature.13	0	HGAT	WXS	0	149089890	0
BS_JWDK21ED	Signature.13	0	HGAT	WXS	0	149089890	0
BS_BT83BCEE	Signature.13	0	HGAT	WXS	0	149089890	0
BS_2DNGDW0A	Signature.13	0	HGAT	WXS	0	149089890	0
BS_4SCDT7M9	Signature.13	0	HGAT	WXS	0	149089890	0
BS_7PAAZQE6	Signature.13	0	HGAT	WXS	0	149089890	0
BS_QF7M4SHH	Signature.13	0	HGAT	WGS	0	3088286401	0
BS_91HP99HY	Signature.13	0	HGAT	WXS	0	149089890	0
BS_JC7E55BV	Signature.13	0.25552363461312694	HGAT	WGS	21.71950894211579	3088286401	0.007032867461736361
BS_KHJMCFQR	Signature.13	0	HGAT	WXS	0	149089890	0
BS_DD2N8CEX	Signature.14	0	HGAT	WXS	0	149089890	0
BS_XNYH7VK6	Signature.14	0	HGAT	WXS	0	149089890	0
BS_X0KN4VVW	Signature.14	0	HGAT	WXS	0	149089890	0
BS_JWDK21ED	Signature.14	0	HGAT	WXS	0	149089890	0
BS_BT83BCEE	Signature.14	0	HGAT	WXS	0	149089890	0
BS_2DNGDW0A	Signature.14	0	HGAT	WXS	0	149089890	0
BS_4SCDT7M9	Signature.14	0	HGAT	WXS	0	149089890	0
BS_7PAAZQE6	Signature.14	0	HGAT	WXS	0	149089890	0
BS_QF7M4SHH	Signature.14	0	HGAT	WGS	0	3088286401	0
BS_91HP99HY	Signature.14	0	HGAT	WXS	0	149089890	0
BS_JC7E55BV	Signature.14	0	HGAT	WGS	0	3088286401	0
BS_KHJMCFQR	Signature.14	0	HGAT	WXS	0	149089890	0
BS_DD2N8CEX	Signature.15	0	HGAT	WXS	0	149089890	0
BS_XNYH7VK6	Signature.15	0	HGAT	WXS	0	149089890	0
BS_X0KN4VVW	Signature.15	0	HGAT	WXS	0	149089890	0
BS_JWDK21ED	Signature.15	0	HGAT	WXS	0	149089890	0
BS_BT83BCEE	Signature.15	0	HGAT	WXS	0	149089890	0
BS_2DNGDW0A	Signature.15	0	HGAT	WXS	0	149089890	0
BS_4SCDT7M9	Signature.15	0	HGAT	WXS	0	149089890	0
BS_7PAAZQE6	Signature.15	0	HGAT	WXS	0	149089890	0
BS_QF7M4SHH	Signature.15	0	HGAT	WGS	0	3088286401	0
BS_91HP99HY	Signature.15	0	HGAT	WXS	0	149089890	0
BS_JC7E55BV	Signature.15	0	HGAT	WGS	0	3088286401	0
BS_KHJMCFQR	Signature.15	0	HGAT	WXS	0	149089890	0
BS_DD2N8CEX	Signature.16	0	HGAT	WXS	0	149089890	0
BS_XNYH7VK6	Signature.16	0.13615053360974508	HGAT	WXS	15.385010297901195	149089890	0.10319284760288705
BS_X0KN4VVW	Signature.16	0	HGAT	WXS	0	149089890	0
BS_JWDK21ED	Signature.16	0	HGAT	WXS	0	149089890	0
BS_BT83BCEE	Signature.16	0.117421990848536	HGAT	WXS	12.564153020793352	149089890	0.08427233409853178
BS_2DNGDW0A	Signature.16	0	HGAT	WXS	0	149089890	0
BS_4SCDT7M9	Signature.16	0	HGAT	WXS	0	149089890	0
BS_7PAAZQE6	Signature.16	0	HGAT	WXS	0	149089890	0
BS_QF7M4SHH	Signature.16	0	HGAT	WGS	0	3088286401	0
BS_91HP99HY	Signature.16	0	HGAT	WXS	0	149089890	0
BS_JC7E55BV	Signature.16	0	HGAT	WGS	0	3088286401	0
BS_KHJMCFQR	Signature.16	0	HGAT	WXS	0	149089890	0
BS_DD2N8CEX	Signature.17	0	HGAT	WXS	0	149089890	0
BS_XNYH7VK6	Signature.17	0	HGAT	WXS	0	149089890	0
BS_X0KN4VVW	Signature.17	0	HGAT	WXS	0	149089890	0
BS_JWDK21ED	Signature.17	0	HGAT	WXS	0	149089890	0
BS_BT83BCEE	Signature.17	0	HGAT	WXS	0	149089890	0
BS_2DNGDW0A	Signature.17	0	HGAT	WXS	0	149089890	0
BS_4SCDT7M9	Signature.17	0	HGAT	WXS	0	149089890	0
BS_7PAAZQE6	Signature.17	0	HGAT	WXS	0	149089890	0
BS_QF7M4SHH	Signature.17	0	HGAT	WGS	0	3088286401	0
BS_91HP99HY	Signature.17	0	HGAT	WXS	0	149089890	0
BS_JC7E55BV	Signature.17	0	HGAT	WGS	0	3088286401	0
BS_KHJMCFQR	Signature.17	0.0808263962665256	HGAT	WXS	3.3138822469275495	149089890	0.02222741090578006
BS_DD2N8CEX	Signature.18	0	HGAT	WXS	0	149089890	0
BS_XNYH7VK6	Signature.18	0	HGAT	WXS	0	149089890	0
BS_X0KN4VVW	Signature.18	0	HGAT	WXS	0	149089890	0
BS_JWDK21ED	Signature.18	0.1244900100170377	HGAT	WXS	14.565331171993412	149089890	0.09769496222710616
BS_BT83BCEE	Signature.18	0	HGAT	WXS	0	149089890	0
BS_2DNGDW0A	Signature.18	0	HGAT	WXS	0	149089890	0
BS_4SCDT7M9	Signature.18	0	HGAT	WXS	0	149089890	0
BS_7PAAZQE6	Signature.18	0	HGAT	WXS	0	149089890	0
BS_QF7M4SHH	Signature.18	0	HGAT	WGS	0	3088286401	0
BS_91HP99HY	Signature.18	0.24221797943850754	HGAT	WXS	11.384245033609854	149089890	0.07635826301575416
BS_JC7E55BV	Signature.18	0	HGAT	WGS	0	3088286401	0
BS_KHJMCFQR	Signature.18	0	HGAT	WXS	0	149089890	0
BS_DD2N8CEX	Signature.19	0	HGAT	WXS	0	149089890	0
BS_XNYH7VK6	Signature.19	0.09111283206045649	HGAT	WXS	10.295750022831584	149089890	0.06905733194136493
BS_X0KN4VVW	Signature.19	0	HGAT	WXS	0	149089890	0
BS_JWDK21ED	Signature.19	0	HGAT	WXS	0	149089890	0
BS_BT83BCEE	Signature.19	0	HGAT	WXS	0	149089890	0
BS_2DNGDW0A	Signature.19	0	HGAT	WXS	0	149089890	0
BS_4SCDT7M9	Signature.19	0	HGAT	WXS	0	149089890	0
BS_7PAAZQE6	Signature.19	0	HGAT	WXS	0	149089890	0
BS_QF7M4SHH	Signature.19	0	HGAT	WGS	0	3088286401	0
BS_91HP99HY	Signature.19	0	HGAT	WXS	0	149089890	0
BS_JC7E55BV	Signature.19	0.13363121430756741	HGAT	WGS	11.35865321614323	3088286401	0.0036779792225440137
BS_KHJMCFQR	Signature.19	0	HGAT	WXS	0	149089890	0
BS_DD2N8CEX	Signature.20	0	HGAT	WXS	0	149089890	0
BS_XNYH7VK6	Signature.20	0.06821587355386782	HGAT	WXS	7.708393711587064	149089890	0.051702994157330616
BS_X0KN4VVW	Signature.20	0	HGAT	WXS	0	149089890	0
BS_JWDK21ED	Signature.20	0	HGAT	WXS	0	149089890	0
BS_BT83BCEE	Signature.20	0	HGAT	WXS	0	149089890	0
BS_2DNGDW0A	Signature.20	0	HGAT	WXS	0	149089890	0
BS_4SCDT7M9	Signature.20	0	HGAT	WXS	0	149089890	0
BS_7PAAZQE6	Signature.20	0	HGAT	WXS	0	149089890	0
BS_QF7M4SHH	Signature.20	0.10005704261407573	HGAT	WGS	3.2018253636504235	3088286401	0.0010367643890196387
BS_91HP99HY	Signature.20	0	HGAT	WXS	0	149089890	0
BS_JC7E55BV	Signature.20	0	HGAT	WGS	0	3088286401	0
BS_KHJMCFQR	Signature.20	0	HGAT	WXS	0	149089890	0
BS_DD2N8CEX	Signature.21	0	HGAT	WXS	0	149089890	0
BS_XNYH7VK6	Signature.21	0	HGAT	WXS	0	149089890	0
BS_X0KN4VVW	Signature.21	0	HGAT	WXS	0	149089890	0
BS_JWDK21ED	Signature.21	0	HGAT	WXS	0	149089890	0
BS_BT83BCEE	Signature.21	0	HGAT	WXS	0	149089890	0
BS_2DNGDW0A	Signature.21	0	HGAT	WXS	0	149089890	0
BS_4SCDT7M9	Signature.21	0	HGAT	WXS	0	149089890	0
BS_7PAAZQE6	Signature.21	0	HGAT	WXS	0	149089890	0
BS_QF7M4SHH	Signature.21	0	HGAT	WGS	0	3088286401	0
BS_91HP99HY	Signature.21	0	HGAT	WXS	0	149089890	0
BS_JC7E55BV	Signature.21	0	HGAT	WGS	0	3088286401	0
BS_KHJMCFQR	Signature.21	0.1116430677137219	HGAT	WXS	4.577365776262598	149089890	0.030702053481041523
BS_DD2N8CEX	Signature.22	0	HGAT	WXS	0	149089890	0
BS_XNYH7VK6	Signature.22	0	HGAT	WXS	0	149089890	0
BS_X0KN4VVW	Signature.22	0	HGAT	WXS	0	149089890	0
BS_JWDK21ED	Signature.22	0	HGAT	WXS	0	149089890	0
BS_BT83BCEE	Signature.22	0	HGAT	WXS	0	149089890	0
BS_2DNGDW0A	Signature.22	0	HGAT	WXS	0	149089890	0
BS_4SCDT7M9	Signature.22	0	HGAT	WXS	0	149089890	0
BS_7PAAZQE6	Signature.22	0	HGAT	WXS	0	149089890	0
BS_QF7M4SHH	Signature.22	0	HGAT	WGS	0	3088286401	0
BS_91HP99HY	Signature.22	0	HGAT	WXS	0	149089890	0
BS_JC7E55BV	Signature.22	0	HGAT	WGS	0	3088286401	0
BS_KHJMCFQR	Signature.22	0	HGAT	WXS	0	149089890	0
BS_DD2N8CEX	Signature.23	0	HGAT	WXS	0	149089890	0
BS_XNYH7VK6	Signature.23	0	HGAT	WXS	0	149089890	0
BS_X0KN4VVW	Signature.23	0	HGAT	WXS	0	149089890	0
BS_JWDK21ED	Signature.23	0	HGAT	WXS	0	149089890	0
BS_BT83BCEE	Signature.23	0	HGAT	WXS	0	149089890	0
BS_2DNGDW0A	Signature.23	0	HGAT	WXS	0	149089890	0
BS_4SCDT7M9	Signature.23	0	HGAT	WXS	0	149089890	0
BS_7PAAZQE6	Signature.23	0	HGAT	WXS	0	149089890	0
BS_QF7M4SHH	Signature.23	0.16849684791898661	HGAT	WGS	5.391899133407572	3088286401	0.001745919397780482
BS_91HP99HY	Signature.23	0	HGAT	WXS	0	149089890	0
BS_JC7E55BV	Signature.23	0	HGAT	WGS	0	3088286401	0
BS_KHJMCFQR	Signature.23	0	HGAT	WXS	0	149089890	0
BS_DD2N8CEX	Signature.24	0	HGAT	WXS	0	149089890	0
BS_XNYH7VK6	Signature.24	0	HGAT	WXS	0	149089890	0
BS_X0KN4VVW	Signature.24	0	HGAT	WXS	0	149089890	0
BS_JWDK21ED	Signature.24	0	HGAT	WXS	0	149089890	0
BS_BT83BCEE	Signature.24	0	HGAT	WXS	0	149089890	0
BS_2DNGDW0A	Signature.24	0	HGAT	WXS	0	149089890	0
BS_4SCDT7M9	Signature.24	0	HGAT	WXS	0	149089890	0
BS_7PAAZQE6	Signature.24	0	HGAT	WXS	0	149089890	0
BS_QF7M4SHH	Signature.24	0	HGAT	WGS	0	3088286401	0
BS_91HP99HY	Signature.24	0	HGAT	WXS	0	149089890	0
BS_JC7E55BV	Signature.24	0	HGAT	WGS	0	3088286401	0
BS_KHJMCFQR	Signature.24	0	HGAT	WXS	0	149089890	0
BS_DD2N8CEX	Signature.25	0	HGAT	WXS	0	149089890	0
BS_XNYH7VK6	Signature.25	0	HGAT	WXS	0	149089890	0
BS_X0KN4VVW	Signature.25	0.5607714560641317	HGAT	WXS	2.8038572803206585	149089890	0.018806488356257145
BS_JWDK21ED	Signature.25	0	HGAT	WXS	0	149089890	0
BS_BT83BCEE	Signature.25	0	HGAT	WXS	0	149089890	0
BS_2DNGDW0A	Signature.25	0	HGAT	WXS	0	149089890	0
BS_4SCDT7M9	Signature.25	0	HGAT	WXS	0	149089890	0
BS_7PAAZQE6	Signature.25	0	HGAT	WXS	0	149089890	0
BS_QF7M4SHH	Signature.25	0	HGAT	WGS	0	3088286401	0
BS_91HP99HY	Signature.25	0.0760753221383542	HGAT	WXS	3.5755401405026475	149089890	0.023982445358988778
BS_JC7E55BV	Signature.25	0	HGAT	WGS	0	3088286401	0
BS_KHJMCFQR	Signature.25	0	HGAT	WXS	0	149089890	0
BS_DD2N8CEX	Signature.26	0	HGAT	WXS	0	149089890	0
BS_XNYH7VK6	Signature.26	0	HGAT	WXS	0	149089890	0
BS_X0KN4VVW	Signature.26	0	HGAT	WXS	0	149089890	0
BS_JWDK21ED	Signature.26	0	HGAT	WXS	0	149089890	0
BS_BT83BCEE	Signature.26	0.061242669303306164	HGAT	WXS	6.552965615453759	149089890	0.04395311858807971
BS_2DNGDW0A	Signature.26	0	HGAT	WXS	0	149089890	0
BS_4SCDT7M9	Signature.26	0	HGAT	WXS	0	149089890	0
BS_7PAAZQE6	Signature.26	0	HGAT	WXS	0	149089890	0
BS_QF7M4SHH	Signature.26	0	HGAT	WGS	0	3088286401	0
BS_91HP99HY	Signature.26	0	HGAT	WXS	0	149089890	0
BS_JC7E55BV	Signature.26	0	HGAT	WGS	0	3088286401	0
BS_KHJMCFQR	Signature.26	0	HGAT	WXS	0	149089890	0
BS_DD2N8CEX	Signature.27	0	HGAT	WXS	0	149089890	0
BS_XNYH7VK6	Signature.27	0	HGAT	WXS	0	149089890	0
BS_X0KN4VVW	Signature.27	0	HGAT	WXS	0	149089890	0
BS_JWDK21ED	Signature.27	0	HGAT	WXS	0	149089890	0
BS_BT83BCEE	Signature.27	0	HGAT	WXS	0	149089890	0
BS_2DNGDW0A	Signature.27	0	HGAT	WXS	0	149089890	0
BS_4SCDT7M9	Signature.27	0	HGAT	WXS	0	149089890	0
BS_7PAAZQE6	Signature.27	0	HGAT	WXS	0	149089890	0
BS_QF7M4SHH	Signature.27	0	HGAT	WGS	0	3088286401	0
BS_91HP99HY	Signature.27	0	HGAT	WXS	0	149089890	0
BS_JC7E55BV	Signature.27	0	HGAT	WGS	0	3088286401	0
BS_KHJMCFQR	Signature.27	0	HGAT	WXS	0	149089890	0
BS_DD2N8CEX	Signature.28	0	HGAT	WXS	0	149089890	0
BS_XNYH7VK6	Signature.28	0	HGAT	WXS	0	149089890	0
BS_X0KN4VVW	Signature.28	0	HGAT	WXS	0	149089890	0
BS_JWDK21ED	Signature.28	0	HGAT	WXS	0	149089890	0
BS_BT83BCEE	Signature.28	0	HGAT	WXS	0	149089890	0
BS_2DNGDW0A	Signature.28	0	HGAT	WXS	0	149089890	0
BS_4SCDT7M9	Signature.28	0	HGAT	WXS	0	149089890	0
BS_7PAAZQE6	Signature.28	0	HGAT	WXS	0	149089890	0
BS_QF7M4SHH	Signature.28	0	HGAT	WGS	0	3088286401	0
BS_91HP99HY	Signature.28	0	HGAT	WXS	0	149089890	0
BS_JC7E55BV	Signature.28	0	HGAT	WGS	0	3088286401	0
BS_KHJMCFQR	Signature.28	0	HGAT	WXS	0	149089890	0
BS_DD2N8CEX	Signature.29	0.09060273402820608	HGAT	WXS	7.882437860453929	149089890	0.05287037142796154
BS_XNYH7VK6	Signature.29	0	HGAT	WXS	0	149089890	0
BS_X0KN4VVW	Signature.29	0	HGAT	WXS	0	149089890	0
BS_JWDK21ED	Signature.29	0	HGAT	WXS	0	149089890	0
BS_BT83BCEE	Signature.29	0	HGAT	WXS	0	149089890	0
BS_2DNGDW0A	Signature.29	0	HGAT	WXS	0	149089890	0
BS_4SCDT7M9	Signature.29	0	HGAT	WXS	0	149089890	0
BS_7PAAZQE6	Signature.29	0	HGAT	WXS	0	149089890	0
BS_QF7M4SHH	Signature.29	0	HGAT	WGS	0	3088286401	0
BS_91HP99HY	Signature.29	0	HGAT	WXS	0	149089890	0
BS_JC7E55BV	Signature.29	0	HGAT	WGS	0	3088286401	0
BS_KHJMCFQR	Signature.29	0	HGAT	WXS	0	149089890	0
BS_DD2N8CEX	Signature.30	0	HGAT	WXS	0	149089890	0
BS_XNYH7VK6	Signature.30	0	HGAT	WXS	0	149089890	0
BS_X0KN4VVW	Signature.30	0	HGAT	WXS	0	149089890	0
BS_JWDK21ED	Signature.30	0.1705056162334036	HGAT	WXS	19.94915709930822	149089890	0.13380623662213595
BS_BT83BCEE	Signature.30	0.11427363183251	HGAT	WXS	12.22727860607857	149089890	0.08201279514042549
BS_2DNGDW0A	Signature.30	0	HGAT	WXS	0	149089890	0
BS_4SCDT7M9	Signature.30	0	HGAT	WXS	0	149089890	0
BS_7PAAZQE6	Signature.30	0	HGAT	WXS	0	149089890	0
BS_QF7M4SHH	Signature.30	0	HGAT	WGS	0	3088286401	0
BS_91HP99HY	Signature.30	0	HGAT	WXS	0	149089890	0
BS_JC7E55BV	Signature.30	0	HGAT	WGS	0	3088286401	0
BS_KHJMCFQR	Signature.30	0	HGAT	WXS	0	149089890	0
